def_team,lane,def_rush_share_allowed
ARI,left_end,9.3
ATL,left_end,14.6
BAL,left_end,10.2
BUF,left_end,13
CAR,left_end,20.5
CHI,left_end,12.4
CIN,left_end,15.1
CLE,left_end,11.6
DAL,left_end,14.4
DEN,left_end,9.6
DET,left_end,11.6
GB,left_end,10.9
HOU,left_end,5.6
IND,left_end,8.8
JAX,left_end,12.4
KC,left_end,13.5
LA,left_end,9.1
LAC,left_end,7.3
LV,left_end,16.9
MIA,left_end,9.7
MIN,left_end,13.9
NE,left_end,15.1
NO,left_end,9.4
NYG,left_end,12.7
NYJ,left_end,17.1
PHI,left_end,14.7
PIT,left_end,17.5
SEA,left_end,11.5
SF,left_end,16.3
TB,left_end,15.9
TEN,left_end,9.9
WAS,left_end,8.3
,left_end,
,left_end,
Yards per Carry (by lane),left_end,
Team,left_end,Left End
ARI,left_end,4.533333333333333
ATL,left_end,4.954545454545454
BAL,left_end,6.647058823529412
BUF,left_end,7.714285714285714
CAR,left_end,4.516129032258065
CHI,left_end,6.263157894736842
CIN,left_end,7.633333333333334
CLE,left_end,5.210526315789473
DAL,left_end,5.827586206896552
DEN,left_end,3.6875
DET,left_end,6.117647058823529
GB,left_end,4.928571428571429
HOU,left_end,4.125
IND,left_end,7
JAX,left_end,4.105263157894737
KC,left_end,3.952380952380953
LA,left_end,5.117647058823529
LAC,left_end,9
LV,left_end,4.827586206896552
MIA,left_end,8.8
MIN,left_end,3.956521739130435
NE,left_end,3.956521739130435
NO,left_end,3.421052631578947
NYG,left_end,9.571428571428571
NYJ,left_end,5.057142857142857
PHI,left_end,4.892857142857143
PIT,left_end,3.481481481481481
SEA,left_end,3.222222222222222
SF,left_end,7.357142857142857
TB,left_end,2.62962962962963
TEN,left_end,7.5
WAS,left_end,6.4375
,left_end,
,left_end,
Rush Success Rate (by lane),left_end,
Team,left_end,Left End
ARI,left_end,0.4
ATL,left_end,0.5
BAL,left_end,0.6470588235294118
BUF,left_end,0.7142857142857143
CAR,left_end,0.3225806451612903
CHI,left_end,0.5263157894736842
CIN,left_end,0.5333333333333333
CLE,left_end,0.3684210526315789
DAL,left_end,0.5172413793103449
DEN,left_end,0.25
DET,left_end,0.6470588235294118
GB,left_end,0.3571428571428572
HOU,left_end,0.5
IND,left_end,0.3846153846153846
JAX,left_end,0.3684210526315789
KC,left_end,0.4761904761904762
LA,left_end,0.5882352941176471
LAC,left_end,0.6666666666666666
LV,left_end,0.4482758620689655
MIA,left_end,0.4
MIN,left_end,0.4782608695652174
NE,left_end,0.4347826086956522
NO,left_end,0.4210526315789473
NYG,left_end,0.7619047619047619
NYJ,left_end,0.5714285714285714
PHI,left_end,0.5
PIT,left_end,0.4074074074074074
SEA,left_end,0.5
SF,left_end,0.6428571428571429
TB,left_end,0.3333333333333333
TEN,left_end,0.5
WAS,left_end,0.5
,left_end,
,left_end,
Rush TDs (by lane),left_end,
Team,left_end,Left End
ARI,left_end,3
ATL,left_end,1
BAL,left_end,0
BUF,left_end,1
CAR,left_end,2
CHI,left_end,1
CIN,left_end,1
CLE,left_end,0
DAL,left_end,1
DEN,left_end,0
DET,left_end,0
GB,left_end,0
HOU,left_end,0
IND,left_end,0
JAX,left_end,0
KC,left_end,1
LA,left_end,0
LAC,left_end,4
LV,left_end,1
MIA,left_end,1
MIN,left_end,1
NE,left_end,1
NO,left_end,0
NYG,left_end,2
NYJ,left_end,0
PHI,left_end,1
PIT,left_end,1
SEA,left_end,2
SF,left_end,2
TB,left_end,1
TEN,left_end,1
WAS,left_end,0
ARI,left_tackle,11.2
ATL,left_tackle,14.6
BAL,left_tackle,9
BUF,left_tackle,16.8
CAR,left_tackle,10.6
CHI,left_tackle,15
CIN,left_tackle,14.6
CLE,left_tackle,6.7
DAL,left_tackle,13.9
DEN,left_tackle,7.8
DET,left_tackle,12.2
GB,left_tackle,14
HOU,left_tackle,14.7
IND,left_tackle,12.8
JAX,left_tackle,4.6
KC,left_tackle,7.1
LA,left_tackle,13.4
LAC,left_tackle,15.2
LV,left_tackle,15.1
MIA,left_tackle,10.7
MIN,left_tackle,14.5
NE,left_tackle,13.2
NO,left_tackle,9.9
NYG,left_tackle,13.9
NYJ,left_tackle,9.3
PHI,left_tackle,11.5
PIT,left_tackle,13
SEA,left_tackle,8.3
SF,left_tackle,7.6
TB,left_tackle,10.6
TEN,left_tackle,16.8
WAS,left_tackle,11.9
,left_tackle,
,left_tackle,
Yards per Carry (by lane),left_tackle,
Team,left_tackle,Left Tackle
ARI,left_tackle,5.444444444444445
ATL,left_tackle,4
BAL,left_tackle,5.2
BUF,left_tackle,5.074074074074074
CAR,left_tackle,3.8125
CHI,left_tackle,4.695652173913044
CIN,left_tackle,2.96551724137931
CLE,left_tackle,3.363636363636364
DAL,left_tackle,4.785714285714286
DEN,left_tackle,1.846153846153846
DET,left_tackle,3.444444444444445
GB,left_tackle,3.277777777777778
HOU,left_tackle,2.952380952380953
IND,left_tackle,3.684210526315789
JAX,left_tackle,4.142857142857143
KC,left_tackle,2.909090909090909
LA,left_tackle,3.52
LAC,left_tackle,5.24
LV,left_tackle,3.307692307692307
MIA,left_tackle,4.045454545454546
MIN,left_tackle,5.125
NE,left_tackle,3
NO,left_tackle,3.6
NYG,left_tackle,5.086956521739131
NYJ,left_tackle,3.263157894736842
PHI,left_tackle,5.5
PIT,left_tackle,7.05
SEA,left_tackle,4.076923076923077
SF,left_tackle,3.846153846153846
TB,left_tackle,2.333333333333333
TEN,left_tackle,3.882352941176471
WAS,left_tackle,5.739130434782608
,left_tackle,
,left_tackle,
Rush Success Rate (by lane),left_tackle,
Team,left_tackle,Left Tackle
ARI,left_tackle,0.5555555555555556
ATL,left_tackle,0.5454545454545454
BAL,left_tackle,0.2666666666666667
BUF,left_tackle,0.4444444444444444
CAR,left_tackle,0.25
CHI,left_tackle,0.4347826086956522
CIN,left_tackle,0.3448275862068966
CLE,left_tackle,0.4545454545454545
DAL,left_tackle,0.5357142857142857
DEN,left_tackle,0
DET,left_tackle,0.2222222222222222
GB,left_tackle,0.2222222222222222
HOU,left_tackle,0.4761904761904762
IND,left_tackle,0.4210526315789473
JAX,left_tackle,0.2857142857142857
KC,left_tackle,0.2727272727272727
LA,left_tackle,0.36
LAC,left_tackle,0.52
LV,left_tackle,0.3076923076923077
MIA,left_tackle,0.2727272727272727
MIN,left_tackle,0.5416666666666666
NE,left_tackle,0.25
NO,left_tackle,0.55
NYG,left_tackle,0.4782608695652174
NYJ,left_tackle,0.3157894736842105
PHI,left_tackle,0.5
PIT,left_tackle,0.5
SEA,left_tackle,0.3846153846153846
SF,left_tackle,0.4615384615384616
TB,left_tackle,0.1666666666666667
TEN,left_tackle,0.2647058823529412
WAS,left_tackle,0.5217391304347826
,left_tackle,
,left_tackle,
Rush TDs (by lane),left_tackle,
Team,left_tackle,Left Tackle
ARI,left_tackle,0
ATL,left_tackle,1
BAL,left_tackle,0
BUF,left_tackle,2
CAR,left_tackle,1
CHI,left_tackle,0
CIN,left_tackle,1
CLE,left_tackle,0
DAL,left_tackle,2
DEN,left_tackle,0
DET,left_tackle,1
GB,left_tackle,0
HOU,left_tackle,2
IND,left_tackle,1
JAX,left_tackle,0
KC,left_tackle,0
LA,left_tackle,0
LAC,left_tackle,0
LV,left_tackle,2
MIA,left_tackle,0
MIN,left_tackle,2
NE,left_tackle,0
NO,left_tackle,3
NYG,left_tackle,0
NYJ,left_tackle,0
PHI,left_tackle,0
PIT,left_tackle,0
SEA,left_tackle,0
SF,left_tackle,0
TB,left_tackle,0
TEN,left_tackle,3
WAS,left_tackle,0
ARI,left_guard,6.2
ATL,left_guard,10.6
BAL,left_guard,18.1
BUF,left_guard,14.9
CAR,left_guard,9.3
CHI,left_guard,11.1
CIN,left_guard,11.6
CLE,left_guard,4.9
DAL,left_guard,10.9
DEN,left_guard,12.6
DET,left_guard,8.8
GB,left_guard,10.1
HOU,left_guard,13.3
IND,left_guard,10.1
JAX,left_guard,6.5
KC,left_guard,14.7
LA,left_guard,9.1
LAC,left_guard,12.7
LV,left_guard,19.2
MIA,left_guard,10.2
MIN,left_guard,6
NE,left_guard,10.5
NO,left_guard,13.4
NYG,left_guard,12.7
NYJ,left_guard,15.6
PHI,left_guard,13.1
PIT,left_guard,15.6
SEA,left_guard,17.8
SF,left_guard,11.6
TB,left_guard,8.2
TEN,left_guard,11.9
WAS,left_guard,15
,left_guard,
,left_guard,
Yards per Carry (by lane),left_guard,
Team,left_guard,Left Guard
ARI,left_guard,4.3
ATL,left_guard,4.875
BAL,left_guard,3.2
BUF,left_guard,4.958333333333333
CAR,left_guard,2.714285714285714
CHI,left_guard,8.117647058823529
CIN,left_guard,3.130434782608696
CLE,left_guard,1.25
DAL,left_guard,3.727272727272727
DEN,left_guard,4.047619047619047
DET,left_guard,4.846153846153846
GB,left_guard,3.692307692307693
HOU,left_guard,3.368421052631579
IND,left_guard,3.066666666666667
JAX,left_guard,4.2
KC,left_guard,4.086956521739131
LA,left_guard,3.176470588235294
LAC,left_guard,4.857142857142857
LV,left_guard,2.96969696969697
MIA,left_guard,6.904761904761905
MIN,left_guard,2.6
NE,left_guard,4.3125
NO,left_guard,2.444444444444445
NYG,left_guard,3.095238095238095
NYJ,left_guard,6.125
PHI,left_guard,3.64
PIT,left_guard,3.791666666666667
SEA,left_guard,2.214285714285714
SF,left_guard,3.55
TB,left_guard,3.928571428571428
TEN,left_guard,4.25
WAS,left_guard,4.206896551724138
,left_guard,
,left_guard,
Rush Success Rate (by lane),left_guard,
Team,left_guard,Left Guard
ARI,left_guard,0.5
ATL,left_guard,0.4375
BAL,left_guard,0.5
BUF,left_guard,0.5833333333333334
CAR,left_guard,0.2142857142857143
CHI,left_guard,0.7058823529411765
CIN,left_guard,0.4782608695652174
CLE,left_guard,0.25
DAL,left_guard,0.4090909090909091
DEN,left_guard,0.3809523809523809
DET,left_guard,0.5384615384615384
GB,left_guard,0.4615384615384616
HOU,left_guard,0.4210526315789473
IND,left_guard,0.2666666666666667
JAX,left_guard,0.3
KC,left_guard,0.3043478260869565
LA,left_guard,0.1764705882352941
LAC,left_guard,0.4761904761904762
LV,left_guard,0.4242424242424243
MIA,left_guard,0.6190476190476191
MIN,left_guard,0.3
NE,left_guard,0.5625
NO,left_guard,0.2962962962962963
NYG,left_guard,0.3333333333333333
NYJ,left_guard,0.34375
PHI,left_guard,0.32
PIT,left_guard,0.3333333333333333
SEA,left_guard,0.2857142857142857
SF,left_guard,0.35
TB,left_guard,0.3571428571428572
TEN,left_guard,0.4166666666666667
WAS,left_guard,0.3448275862068966
,left_guard,
,left_guard,
Rush TDs (by lane),left_guard,
Team,left_guard,Left Guard
ARI,left_guard,0
ATL,left_guard,0
BAL,left_guard,0
BUF,left_guard,3
CAR,left_guard,0
CHI,left_guard,1
CIN,left_guard,1
CLE,left_guard,0
DAL,left_guard,1
DEN,left_guard,1
DET,left_guard,1
GB,left_guard,0
HOU,left_guard,0
IND,left_guard,0
JAX,left_guard,0
KC,left_guard,0
LA,left_guard,0
LAC,left_guard,0
LV,left_guard,1
MIA,left_guard,1
MIN,left_guard,0
NE,left_guard,0
NO,left_guard,0
NYG,left_guard,0
NYJ,left_guard,1
PHI,left_guard,2
PIT,left_guard,0
SEA,left_guard,0
SF,left_guard,1
TB,left_guard,1
TEN,left_guard,1
WAS,left_guard,1
ARI,center,41
ATL,center,25.8
BAL,center,18.1
BUF,center,20.5
CAR,center,29.8
CHI,center,18.3
CIN,center,17.1
CLE,center,25.6
DAL,center,24.9
DEN,center,29.9
DET,center,27.2
GB,center,34.9
HOU,center,39.2
IND,center,33.1
JAX,center,45.1
KC,center,25.6
LA,center,28.9
LAC,center,30.3
LV,center,27.3
MIA,center,33.5
MIN,center,27.7
NE,center,25.7
NO,center,22.3
NYG,center,21.1
NYJ,center,18.5
PHI,center,21.5
PIT,center,26.6
SEA,center,28
SF,center,30.2
TB,center,31.2
TEN,center,27.2
WAS,center,24.4
,center,
,center,
Yards per Carry (by lane),center,
Team,center,Middle
ARI,center,3.515151515151515
ATL,center,5.435897435897436
BAL,center,2.866666666666667
BUF,center,4.424242424242424
CAR,center,5.133333333333334
CHI,center,3.321428571428572
CIN,center,4.205882352941177
CLE,center,3.833333333333333
DAL,center,4.96
DEN,center,3.7
DET,center,3.25
GB,center,3.288888888888889
HOU,center,4.410714285714286
IND,center,3.26530612244898
JAX,center,3.681159420289855
KC,center,4.05
LA,center,3.5
LAC,center,3.74
LV,center,5.063829787234043
MIA,center,4.376811594202898
MIN,center,3.478260869565217
NE,center,2.923076923076923
NO,center,5.466666666666667
NYG,center,4.257142857142857
NYJ,center,4.105263157894737
PHI,center,5.780487804878049
PIT,center,4.804878048780488
SEA,center,3.204545454545455
SF,center,3.076923076923077
TB,center,5.075471698113208
TEN,center,5.381818181818182
WAS,center,3.48936170212766
,center,
,center,
Rush Success Rate (by lane),center,
Team,center,Middle
ARI,center,0.4090909090909091
ATL,center,0.6153846153846154
BAL,center,0.5
BUF,center,0.4545454545454545
CAR,center,0.4222222222222222
CHI,center,0.2857142857142857
CIN,center,0.4411764705882353
CLE,center,0.2857142857142857
DAL,center,0.5
DEN,center,0.46
DET,center,0.35
GB,center,0.4
HOU,center,0.4107142857142857
IND,center,0.5510204081632653
JAX,center,0.3623188405797101
KC,center,0.55
LA,center,0.4444444444444444
LAC,center,0.42
LV,center,0.425531914893617
MIA,center,0.5072463768115942
MIN,center,0.391304347826087
NE,center,0.3846153846153846
NO,center,0.4444444444444444
NYG,center,0.3714285714285714
NYJ,center,0.3421052631578947
PHI,center,0.7317073170731707
PIT,center,0.4146341463414634
SEA,center,0.3409090909090909
SF,center,0.4615384615384616
TB,center,0.4716981132075472
TEN,center,0.4545454545454545
WAS,center,0.3191489361702128
,center,
,center,
Rush TDs (by lane),center,
Team,center,Middle
ARI,center,2
ATL,center,1
BAL,center,5
BUF,center,1
CAR,center,1
CHI,center,1
CIN,center,3
CLE,center,1
DAL,center,1
DEN,center,2
DET,center,1
GB,center,2
HOU,center,2
IND,center,1
JAX,center,1
KC,center,2
LA,center,2
LAC,center,2
LV,center,4
MIA,center,2
MIN,center,0
NE,center,1
NO,center,0
NYG,center,1
NYJ,center,0
PHI,center,3
PIT,center,1
SEA,center,0
SF,center,1
TB,center,3
TEN,center,3
WAS,center,0
ARI,right_guard,4.3
ATL,right_guard,16.6
BAL,right_guard,18.7
BUF,right_guard,14.3
CAR,right_guard,8.6
CHI,right_guard,13.7
CIN,right_guard,13.6
CLE,right_guard,11.6
DAL,right_guard,14.4
DEN,right_guard,16.2
DET,right_guard,11.6
GB,right_guard,9.3
HOU,right_guard,15.4
IND,right_guard,6.8
JAX,right_guard,5.2
KC,right_guard,10.3
LA,right_guard,13.9
LAC,right_guard,8.5
LV,right_guard,8.7
MIA,right_guard,14.1
MIN,right_guard,15.7
NE,right_guard,15.8
NO,right_guard,17.8
NYG,right_guard,10.2
NYJ,right_guard,14.1
PHI,right_guard,13.1
PIT,right_guard,12.3
SEA,right_guard,8.9
SF,right_guard,15.1
TB,right_guard,10.6
TEN,right_guard,10.4
WAS,right_guard,11.4
,right_guard,
,right_guard,
Yards per Carry (by lane),right_guard,
Team,right_guard,Right Guard
ARI,right_guard,4.571428571428571
ATL,right_guard,5.24
BAL,right_guard,7.548387096774194
BUF,right_guard,6.391304347826087
CAR,right_guard,3.153846153846154
CHI,right_guard,5.238095238095238
CIN,right_guard,4.777777777777778
CLE,right_guard,2.368421052631579
DAL,right_guard,3
DEN,right_guard,5.481481481481482
DET,right_guard,4.941176470588236
GB,right_guard,2.916666666666667
HOU,right_guard,4.409090909090909
IND,right_guard,3.8
JAX,right_guard,3.625
KC,right_guard,4.8125
LA,right_guard,3.230769230769231
LAC,right_guard,4.357142857142857
LV,right_guard,4.133333333333334
MIA,right_guard,5.172413793103448
MIN,right_guard,3.846153846153846
NE,right_guard,3.791666666666667
NO,right_guard,4.583333333333333
NYG,right_guard,3.058823529411764
NYJ,right_guard,4.344827586206897
PHI,right_guard,3.04
PIT,right_guard,3.421052631578947
SEA,right_guard,2.357142857142857
SF,right_guard,4.923076923076923
TB,right_guard,5.666666666666667
TEN,right_guard,5.619047619047619
WAS,right_guard,2.727272727272727
,right_guard,
,right_guard,
Rush Success Rate (by lane),right_guard,
Team,right_guard,Right Guard
ARI,right_guard,0.2857142857142857
ATL,right_guard,0.44
BAL,right_guard,0.4516129032258064
BUF,right_guard,0.2608695652173913
CAR,right_guard,0.2307692307692308
CHI,right_guard,0.5238095238095238
CIN,right_guard,0.4814814814814815
CLE,right_guard,0.3684210526315789
DAL,right_guard,0.4137931034482759
DEN,right_guard,0.4074074074074074
DET,right_guard,0.3529411764705883
GB,right_guard,0.4166666666666667
HOU,right_guard,0.5
IND,right_guard,0.5
JAX,right_guard,0.25
KC,right_guard,0.3125
LA,right_guard,0.3076923076923077
LAC,right_guard,0.4285714285714285
LV,right_guard,0.4666666666666667
MIA,right_guard,0.3103448275862069
MIN,right_guard,0.3461538461538461
NE,right_guard,0.5
NO,right_guard,0.4722222222222222
NYG,right_guard,0.4117647058823529
NYJ,right_guard,0.3448275862068966
PHI,right_guard,0.4
PIT,right_guard,0.3157894736842105
SEA,right_guard,0.2857142857142857
SF,right_guard,0.5
TB,right_guard,0.3888888888888889
TEN,right_guard,0.3809523809523809
WAS,right_guard,0.5
,right_guard,
,right_guard,
Rush TDs (by lane),right_guard,
Team,right_guard,Right Guard
ARI,right_guard,1
ATL,right_guard,0
BAL,right_guard,1
BUF,right_guard,1
CAR,right_guard,1
CHI,right_guard,0
CIN,right_guard,0
CLE,right_guard,1
DAL,right_guard,2
DEN,right_guard,0
DET,right_guard,1
GB,right_guard,1
HOU,right_guard,3
IND,right_guard,1
JAX,right_guard,1
KC,right_guard,1
LA,right_guard,0
LAC,right_guard,0
LV,right_guard,0
MIA,right_guard,4
MIN,right_guard,1
NE,right_guard,0
NO,right_guard,2
NYG,right_guard,2
NYJ,right_guard,0
PHI,right_guard,1
PIT,right_guard,0
SEA,right_guard,0
SF,right_guard,0
TB,right_guard,1
TEN,right_guard,1
WAS,right_guard,1
ARI,right_tackle,14.3
ATL,right_tackle,7.9
BAL,right_tackle,13.3
BUF,right_tackle,9.9
CAR,right_tackle,11.3
CHI,right_tackle,13.1
CIN,right_tackle,13.1
CLE,right_tackle,20.1
DAL,right_tackle,9
DEN,right_tackle,14.4
DET,right_tackle,10.9
GB,right_tackle,7.8
HOU,right_tackle,7.7
IND,right_tackle,15.5
JAX,right_tackle,11.1
KC,right_tackle,10.9
LA,right_tackle,12.8
LAC,right_tackle,11.5
LV,right_tackle,7
MIA,right_tackle,13.1
MIN,right_tackle,13.9
NE,right_tackle,8.6
NO,right_tackle,14.4
NYG,right_tackle,12.7
NYJ,right_tackle,12.7
PHI,right_tackle,9.9
PIT,right_tackle,6.5
SEA,right_tackle,11.5
SF,right_tackle,6.4
TB,right_tackle,12.4
TEN,right_tackle,13.4
WAS,right_tackle,16.1
,right_tackle,
,right_tackle,
Yards per Carry (by lane),right_tackle,
Team,right_tackle,Right Tackle
ARI,right_tackle,6.043478260869565
ATL,right_tackle,6.666666666666667
BAL,right_tackle,5.681818181818182
BUF,right_tackle,7.125
CAR,right_tackle,4.588235294117647
CHI,right_tackle,5.05
CIN,right_tackle,4.346153846153846
CLE,right_tackle,3.545454545454545
DAL,right_tackle,6.666666666666667
DEN,right_tackle,3.958333333333333
DET,right_tackle,4.25
GB,right_tackle,4.3
HOU,right_tackle,4.454545454545454
IND,right_tackle,6.086956521739131
JAX,right_tackle,5.941176470588236
KC,right_tackle,5.588235294117647
LA,right_tackle,4.458333333333333
LAC,right_tackle,5.105263157894737
LV,right_tackle,3.5
MIA,right_tackle,4.222222222222222
MIN,right_tackle,4.913043478260869
NE,right_tackle,1.461538461538461
NO,right_tackle,5.344827586206897
NYG,right_tackle,9.666666666666666
NYJ,right_tackle,3.461538461538462
PHI,right_tackle,2.894736842105263
PIT,right_tackle,3.6
SEA,right_tackle,4.722222222222222
SF,right_tackle,0.7272727272727273
TB,right_tackle,2.619047619047619
TEN,right_tackle,3.037037037037037
WAS,right_tackle,4.67741935483871
,right_tackle,
,right_tackle,
Rush Success Rate (by lane),right_tackle,
Team,right_tackle,Right Tackle
ARI,right_tackle,0.391304347826087
ATL,right_tackle,0.4166666666666667
BAL,right_tackle,0.5
BUF,right_tackle,0.3125
CAR,right_tackle,0.4117647058823529
CHI,right_tackle,0.4
CIN,right_tackle,0.3846153846153846
CLE,right_tackle,0.303030303030303
DAL,right_tackle,0.6666666666666666
DEN,right_tackle,0.2916666666666667
DET,right_tackle,0.4375
GB,right_tackle,0.5
HOU,right_tackle,0.4545454545454545
IND,right_tackle,0.6956521739130435
JAX,right_tackle,0.3529411764705883
KC,right_tackle,0.4705882352941176
LA,right_tackle,0.5
LAC,right_tackle,0.3684210526315789
LV,right_tackle,0.3333333333333333
MIA,right_tackle,0.2962962962962963
MIN,right_tackle,0.391304347826087
NE,right_tackle,0.07692307692307693
NO,right_tackle,0.4482758620689655
NYG,right_tackle,0.5238095238095238
NYJ,right_tackle,0.3846153846153846
PHI,right_tackle,0.2105263157894737
PIT,right_tackle,0.5
SEA,right_tackle,0.2777777777777778
SF,right_tackle,0.2727272727272727
TB,right_tackle,0.1904761904761905
TEN,right_tackle,0.2962962962962963
WAS,right_tackle,0.3870967741935484
,right_tackle,
,right_tackle,
Rush TDs (by lane),right_tackle,
Team,right_tackle,Right Tackle
ARI,right_tackle,0
ATL,right_tackle,1
BAL,right_tackle,1
BUF,right_tackle,1
CAR,right_tackle,0
CHI,right_tackle,0
CIN,right_tackle,2
CLE,right_tackle,0
DAL,right_tackle,0
DEN,right_tackle,1
DET,right_tackle,0
GB,right_tackle,0
HOU,right_tackle,0
IND,right_tackle,0
JAX,right_tackle,1
KC,right_tackle,1
LA,right_tackle,0
LAC,right_tackle,1
LV,right_tackle,0
MIA,right_tackle,0
MIN,right_tackle,0
NE,right_tackle,0
NO,right_tackle,0
NYG,right_tackle,2
NYJ,right_tackle,1
PHI,right_tackle,1
PIT,right_tackle,1
SEA,right_tackle,0
SF,right_tackle,0
TB,right_tackle,1
TEN,right_tackle,0
WAS,right_tackle,1
ARI,right_end,13.7
ATL,right_end,9.9
BAL,right_end,12.7
BUF,right_end,10.6
CAR,right_end,9.9
CHI,right_end,16.3
CIN,right_end,15.1
CLE,right_end,19.5
DAL,right_end,12.4
DEN,right_end,9.6
DET,right_end,17.7
GB,right_end,13.2
HOU,right_end,4.2
IND,right_end,12.8
JAX,right_end,15
KC,right_end,17.9
LA,right_end,12.8
LAC,right_end,14.5
LV,right_end,5.8
MIA,right_end,8.7
MIN,right_end,8.4
NE,right_end,11.2
NO,right_end,12.9
NYG,right_end,16.9
NYJ,right_end,12.7
PHI,right_end,16.2
PIT,right_end,8.4
SEA,right_end,14
SF,right_end,12.8
TB,right_end,11.2
TEN,right_end,10.4
WAS,right_end,13
,right_end,
,right_end,
Yards per Carry (by lane),right_end,
Team,right_end,Right End
ARI,right_end,4.863636363636363
ATL,right_end,3.333333333333333
BAL,right_end,4.142857142857143
BUF,right_end,6.588235294117647
CAR,right_end,4.4
CHI,right_end,6.32
CIN,right_end,6.433333333333334
CLE,right_end,3.625
DAL,right_end,6.4
DEN,right_end,3.6875
DET,right_end,4.192307692307693
GB,right_end,3.411764705882353
HOU,right_end,4
IND,right_end,4.684210526315789
JAX,right_end,5
KC,right_end,7.25
LA,right_end,5.583333333333333
LAC,right_end,7.5
LV,right_end,6.8
MIA,right_end,8.11111111111111
MIN,right_end,7.214285714285714
NE,right_end,5.823529411764706
NO,right_end,5.961538461538462
NYG,right_end,4.857142857142857
NYJ,right_end,4.192307692307693
PHI,right_end,5.806451612903226
PIT,right_end,6.307692307692307
SEA,right_end,4.636363636363637
SF,right_end,4.045454545454546
TB,right_end,5.315789473684211
TEN,right_end,5.380952380952381
WAS,right_end,6.6
,right_end,
,right_end,
Rush Success Rate (by lane),right_end,
Team,right_end,Right End
ARI,right_end,0.5454545454545454
ATL,right_end,0.4
BAL,right_end,0.6190476190476191
BUF,right_end,0.5294117647058824
CAR,right_end,0.2
CHI,right_end,0.44
CIN,right_end,0.5666666666666667
CLE,right_end,0.25
DAL,right_end,0.64
DEN,right_end,0.5
DET,right_end,0.4230769230769231
GB,right_end,0.5882352941176471
HOU,right_end,0.5
IND,right_end,0.4736842105263158
JAX,right_end,0.4782608695652174
KC,right_end,0.6071428571428571
LA,right_end,0.5
LAC,right_end,0.5416666666666666
LV,right_end,0.6
MIA,right_end,0.6666666666666666
MIN,right_end,0.7142857142857143
NE,right_end,0.5294117647058824
NO,right_end,0.4230769230769231
NYG,right_end,0.5357142857142857
NYJ,right_end,0.3846153846153846
PHI,right_end,0.6451612903225806
PIT,right_end,0.6923076923076923
SEA,right_end,0.4545454545454545
SF,right_end,0.5
TB,right_end,0.631578947368421
TEN,right_end,0.5714285714285714
WAS,right_end,0.6
,right_end,
,right_end,
Rush TDs (by lane),right_end,
Team,right_end,Right End
ARI,right_end,1
ATL,right_end,0
BAL,right_end,2
BUF,right_end,0
CAR,right_end,0
CHI,right_end,1
CIN,right_end,0
CLE,right_end,1
DAL,right_end,1
DEN,right_end,0
DET,right_end,1
GB,right_end,0
HOU,right_end,0
IND,right_end,0
JAX,right_end,1
KC,right_end,1
LA,right_end,0
LAC,right_end,3
LV,right_end,1
MIA,right_end,1
MIN,right_end,0
NE,right_end,1
NO,right_end,1
NYG,right_end,2
NYJ,right_end,3
PHI,right_end,1
PIT,right_end,1
SEA,right_end,0
SF,right_end,0
TB,right_end,0
TEN,right_end,3
WAS,right_end,2
