off_team,lane,off_rush_share
ARI,left_end,16.8
ATL,left_end,14
BAL,left_end,14.5
BUF,left_end,9.2
CAR,left_end,12.1
CHI,left_end,16.5
CIN,left_end,12.6
CLE,left_end,12.2
DAL,left_end,12.7
DEN,left_end,14.8
DET,left_end,8.5
GB,left_end,13.5
HOU,left_end,4.8
IND,left_end,8.1
JAX,left_end,17
KC,left_end,12.1
LA,left_end,5.6
LAC,left_end,15.1
LV,left_end,7.3
MIA,left_end,17
MIN,left_end,20.3
NE,left_end,14.4
NO,left_end,11.5
NYG,left_end,7.7
NYJ,left_end,14.4
PHI,left_end,12.5
PIT,left_end,15.6
SEA,left_end,15.4
SF,left_end,10.5
TB,left_end,14.8
TEN,left_end,6.7
WAS,left_end,13.4
,left_end,
,left_end,
Yards per Carry (by lane),left_end,
Team,left_end,Left End
ARI,left_end,4.428571428571429
ATL,left_end,2.809523809523809
BAL,left_end,6
BUF,left_end,8.4
CAR,left_end,7.095238095238095
CHI,left_end,3.954545454545455
CIN,left_end,4.833333333333333
CLE,left_end,3.111111111111111
DAL,left_end,8.4
DEN,left_end,8.458333333333334
DET,left_end,6
GB,left_end,4.954545454545454
HOU,left_end,6.2
IND,left_end,6.75
JAX,left_end,7.153846153846154
KC,left_end,7.583333333333333
LA,left_end,9.777777777777779
LAC,left_end,7.090909090909091
LV,left_end,4.818181818181818
MIA,left_end,6.047619047619047
MIN,left_end,4.130434782608695
NE,left_end,6.15
NO,left_end,6.578947368421052
NYG,left_end,2.5
NYJ,left_end,1.1875
PHI,left_end,6.0625
PIT,left_end,4.15
SEA,left_end,2.931034482758621
SF,left_end,3
TB,left_end,1.5
TEN,left_end,5
WAS,left_end,6.260869565217392
,left_end,
,left_end,
Rush Success Rate (by lane),left_end,
Team,left_end,Left End
ARI,left_end,0.4761904761904761
ATL,left_end,0.5238095238095238
BAL,left_end,0.6666666666666666
BUF,left_end,0.5
CAR,left_end,0.7142857142857143
CHI,left_end,0.5454545454545454
CIN,left_end,0.5
CLE,left_end,0.3333333333333333
DAL,left_end,0.6
DEN,left_end,0.5833333333333334
DET,left_end,0.5
GB,left_end,0.5
HOU,left_end,0.6
IND,left_end,0.6666666666666666
JAX,left_end,0.5
KC,left_end,0.5833333333333334
LA,left_end,0.7777777777777778
LAC,left_end,0.5
LV,left_end,0.6363636363636364
MIA,left_end,0.4761904761904761
MIN,left_end,0.4347826086956521
NE,left_end,0.65
NO,left_end,0.6842105263157895
NYG,left_end,0.3571428571428571
NYJ,left_end,0.25
PHI,left_end,0.6875
PIT,left_end,0.6
SEA,left_end,0.3448275862068966
SF,left_end,0.4
TB,left_end,0.3181818181818182
TEN,left_end,0.4444444444444444
WAS,left_end,0.6086956521739131
,left_end,
,left_end,
Rush TDs (by lane),left_end,
Team,left_end,Left End
ARI,left_end,0
ATL,left_end,0
BAL,left_end,0
BUF,left_end,0
CAR,left_end,0
CHI,left_end,1
CIN,left_end,0
CLE,left_end,0
DAL,left_end,0
DEN,left_end,3
DET,left_end,1
GB,left_end,1
HOU,left_end,0
IND,left_end,1
JAX,left_end,2
KC,left_end,0
LA,left_end,1
LAC,left_end,0
LV,left_end,0
MIA,left_end,1
MIN,left_end,1
NE,left_end,1
NO,left_end,0
NYG,left_end,0
NYJ,left_end,0
PHI,left_end,1
PIT,left_end,1
SEA,left_end,2
SF,left_end,0
TB,left_end,3
TEN,left_end,0
WAS,left_end,3
ARI,left_tackle,16.2
ATL,left_tackle,14.5
BAL,left_tackle,15.2
BUF,left_tackle,10.4
CAR,left_tackle,17.1
CHI,left_tackle,11
CIN,left_tackle,3.1
CLE,left_tackle,7.6
DAL,left_tackle,15.7
DEN,left_tackle,10.4
DET,left_tackle,14.5
GB,left_tackle,8.8
HOU,left_tackle,15.8
IND,left_tackle,13
JAX,left_tackle,7.6
KC,left_tackle,9.3
LA,left_tackle,10
LAC,left_tackle,9.2
LV,left_tackle,8.5
MIA,left_tackle,12.6
MIN,left_tackle,14.5
NE,left_tackle,12.2
NO,left_tackle,3.8
NYG,left_tackle,15.8
NYJ,left_tackle,10.5
PHI,left_tackle,10.8
PIT,left_tackle,14.1
SEA,left_tackle,11.8
SF,left_tackle,8.9
TB,left_tackle,17.2
TEN,left_tackle,13.3
WAS,left_tackle,15.6
,left_tackle,
,left_tackle,
Yards per Carry (by lane),left_tackle,
Team,left_tackle,Left Tackle
ARI,left_tackle,2.178571428571428
ATL,left_tackle,7.333333333333333
BAL,left_tackle,3.428571428571428
BUF,left_tackle,3.294117647058823
CAR,left_tackle,3.878787878787879
CHI,left_tackle,4.444444444444445
CIN,left_tackle,11
CLE,left_tackle,4.153846153846154
DAL,left_tackle,5.2
DEN,left_tackle,3.611111111111111
DET,left_tackle,2.482758620689655
GB,left_tackle,5.4
HOU,left_tackle,3.565217391304348
IND,left_tackle,5.416666666666667
JAX,left_tackle,3.545454545454545
KC,left_tackle,2.6875
LA,left_tackle,5.3125
LAC,left_tackle,5
LV,left_tackle,7.416666666666667
MIA,left_tackle,2.75
MIN,left_tackle,3.578947368421053
NE,left_tackle,3.15
NO,left_tackle,4.428571428571429
NYG,left_tackle,3.433333333333333
NYJ,left_tackle,4.833333333333333
PHI,left_tackle,3.578947368421053
PIT,left_tackle,2.947368421052631
SEA,left_tackle,2.869565217391304
SF,left_tackle,4.333333333333333
TB,left_tackle,4.448275862068965
TEN,left_tackle,2.888888888888889
WAS,left_tackle,3.714285714285714
,left_tackle,
,left_tackle,
Rush Success Rate (by lane),left_tackle,
Team,left_tackle,Left Tackle
ARI,left_tackle,0.2857142857142857
ATL,left_tackle,0.75
BAL,left_tackle,0.3809523809523809
BUF,left_tackle,0.5294117647058824
CAR,left_tackle,0.4848484848484848
CHI,left_tackle,0.3888888888888889
CIN,left_tackle,0.5
CLE,left_tackle,0.2307692307692307
DAL,left_tackle,0.64
DEN,left_tackle,0.5
DET,left_tackle,0.4137931034482758
GB,left_tackle,0.6666666666666666
HOU,left_tackle,0.391304347826087
IND,left_tackle,0.4583333333333333
JAX,left_tackle,0.3636363636363636
KC,left_tackle,0.3125
LA,left_tackle,0.5625
LAC,left_tackle,0.4166666666666667
LV,left_tackle,0.5
MIA,left_tackle,0.3125
MIN,left_tackle,0.4210526315789473
NE,left_tackle,0.35
NO,left_tackle,0.4285714285714285
NYG,left_tackle,0.4333333333333333
NYJ,left_tackle,0.4444444444444444
PHI,left_tackle,0.4210526315789473
PIT,left_tackle,0.5789473684210527
SEA,left_tackle,0.391304347826087
SF,left_tackle,0.6
TB,left_tackle,0.4482758620689655
TEN,left_tackle,0.2222222222222222
WAS,left_tackle,0.5357142857142857
,left_tackle,
,left_tackle,
Rush TDs (by lane),left_tackle,
Team,left_tackle,Left Tackle
ARI,left_tackle,3
ATL,left_tackle,0
BAL,left_tackle,2
BUF,left_tackle,1
CAR,left_tackle,1
CHI,left_tackle,0
CIN,left_tackle,0
CLE,left_tackle,1
DAL,left_tackle,0
DEN,left_tackle,0
DET,left_tackle,1
GB,left_tackle,1
HOU,left_tackle,1
IND,left_tackle,2
JAX,left_tackle,0
KC,left_tackle,1
LA,left_tackle,1
LAC,left_tackle,0
LV,left_tackle,0
MIA,left_tackle,0
MIN,left_tackle,0
NE,left_tackle,0
NO,left_tackle,0
NYG,left_tackle,0
NYJ,left_tackle,0
PHI,left_tackle,0
PIT,left_tackle,2
SEA,left_tackle,3
SF,left_tackle,0
TB,left_tackle,0
TEN,left_tackle,0
WAS,left_tackle,1
ARI,left_guard,4
ATL,left_guard,15.1
BAL,left_guard,10.9
BUF,left_guard,12.1
CAR,left_guard,10.1
CHI,left_guard,8.5
CIN,left_guard,10.2
CLE,left_guard,7
DAL,left_guard,13.3
DEN,left_guard,11.5
DET,left_guard,8.5
GB,left_guard,9.4
HOU,left_guard,12.3
IND,left_guard,7.6
JAX,left_guard,8.8
KC,left_guard,17.6
LA,left_guard,15.6
LAC,left_guard,9.9
LV,left_guard,22
MIA,left_guard,11.9
MIN,left_guard,8.7
NE,left_guard,13.3
NO,left_guard,15.9
NYG,left_guard,13.4
NYJ,left_guard,14.9
PHI,left_guard,7.4
PIT,left_guard,10.4
SEA,left_guard,12.8
SF,left_guard,15.2
TB,left_guard,13.6
TEN,left_guard,11.1
WAS,left_guard,14
,left_guard,
,left_guard,
Yards per Carry (by lane),left_guard,
Team,left_guard,Left Guard
ARI,left_guard,2.142857142857143
ATL,left_guard,3.653846153846154
BAL,left_guard,2.384615384615385
BUF,left_guard,6.166666666666667
CAR,left_guard,4
CHI,left_guard,3.923076923076923
CIN,left_guard,3.583333333333333
CLE,left_guard,2.583333333333333
DAL,left_guard,8
DEN,left_guard,4.095238095238095
DET,left_guard,3
GB,left_guard,3.125
HOU,left_guard,2.722222222222222
IND,left_guard,4.5
JAX,left_guard,4
KC,left_guard,3.96875
LA,left_guard,3.6
LAC,left_guard,2.733333333333333
LV,left_guard,4.916666666666667
MIA,left_guard,4
MIN,left_guard,3.636363636363636
NE,left_guard,2
NO,left_guard,3.827586206896552
NYG,left_guard,4.74074074074074
NYJ,left_guard,5
PHI,left_guard,2.538461538461538
PIT,left_guard,3.714285714285714
SEA,left_guard,2.84
SF,left_guard,2.571428571428572
TB,left_guard,3.130434782608696
TEN,left_guard,2.6
WAS,left_guard,5.2
,left_guard,
,left_guard,
Rush Success Rate (by lane),left_guard,
Team,left_guard,Left Guard
ARI,left_guard,0.2857142857142857
ATL,left_guard,0.3461538461538461
BAL,left_guard,0.3846153846153846
BUF,left_guard,0.5
CAR,left_guard,0.7
CHI,left_guard,0.6153846153846154
CIN,left_guard,0.5
CLE,left_guard,0.25
DAL,left_guard,0.5909090909090909
DEN,left_guard,0.4761904761904761
DET,left_guard,0.5294117647058824
GB,left_guard,0.5625
HOU,left_guard,0.3888888888888889
IND,left_guard,0.5714285714285714
JAX,left_guard,0.5714285714285714
KC,left_guard,0.625
LA,left_guard,0.4
LAC,left_guard,0.3333333333333333
LV,left_guard,0.3888888888888889
MIA,left_guard,0.4375
MIN,left_guard,0.7272727272727273
NE,left_guard,0.3478260869565217
NO,left_guard,0.4482758620689655
NYG,left_guard,0.6296296296296297
NYJ,left_guard,0.6153846153846154
PHI,left_guard,0.1538461538461538
PIT,left_guard,0.5714285714285714
SEA,left_guard,0.36
SF,left_guard,0.4642857142857143
TB,left_guard,0.391304347826087
TEN,left_guard,0.3333333333333333
WAS,left_guard,0.64
,left_guard,
,left_guard,
Rush TDs (by lane),left_guard,
Team,left_guard,Left Guard
ARI,left_guard,0
ATL,left_guard,1
BAL,left_guard,0
BUF,left_guard,1
CAR,left_guard,1
CHI,left_guard,0
CIN,left_guard,0
CLE,left_guard,0
DAL,left_guard,1
DEN,left_guard,1
DET,left_guard,0
GB,left_guard,2
HOU,left_guard,0
IND,left_guard,1
JAX,left_guard,0
KC,left_guard,0
LA,left_guard,0
LAC,left_guard,0
LV,left_guard,1
MIA,left_guard,0
MIN,left_guard,1
NE,left_guard,1
NO,left_guard,1
NYG,left_guard,2
NYJ,left_guard,0
PHI,left_guard,0
PIT,left_guard,0
SEA,left_guard,1
SF,left_guard,1
TB,left_guard,0
TEN,left_guard,0
WAS,left_guard,1
ARI,center,27.2
ATL,center,11.6
BAL,center,13
BUF,center,26.6
CAR,center,37.2
CHI,center,20.1
CIN,center,34.6
CLE,center,30.8
DAL,center,20.5
DEN,center,18
DET,center,23
GB,center,29.4
HOU,center,23.3
IND,center,42.2
JAX,center,42.7
KC,center,20.9
LA,center,28.1
LAC,center,34.2
LV,center,26.8
MIA,center,21.5
MIN,center,20.3
NE,center,33.1
NO,center,29.1
NYG,center,31.6
NYJ,center,29.8
PHI,center,29
PIT,center,24.4
SEA,center,31.8
SF,center,28.8
TB,center,20.7
TEN,center,30.4
WAS,center,23.1
,center,
,center,
Yards per Carry (by lane),center,
Team,center,Middle
ARI,center,3.863636363636364
ATL,center,5.375
BAL,center,2.882352941176471
BUF,center,4.333333333333333
CAR,center,3.611111111111111
CHI,center,3.241379310344827
CIN,center,3.86046511627907
CLE,center,3.423076923076923
DAL,center,3.033333333333333
DEN,center,3.172413793103448
DET,center,5.272727272727272
GB,center,3.456521739130435
HOU,center,3.5625
IND,center,4.311688311688312
JAX,center,4.746268656716418
KC,center,3.787878787878788
LA,center,4.133333333333334
LAC,center,2.770833333333333
LV,center,1.704545454545455
MIA,center,3.423076923076923
MIN,center,3.76
NE,center,3.679245283018868
NO,center,2.58695652173913
NYG,center,3.711538461538462
NYJ,center,4.956521739130435
PHI,center,1.152173913043478
PIT,center,3.1875
SEA,center,3.295081967213115
SF,center,3.886792452830189
TB,center,3.851851851851852
TEN,center,3.947368421052631
WAS,center,5.15625
,center,
,center,
Rush Success Rate (by lane),center,
Team,center,Middle
ARI,center,0.4772727272727273
ATL,center,0.75
BAL,center,0.4705882352941176
BUF,center,0.6666666666666666
CAR,center,0.4583333333333333
CHI,center,0.4137931034482758
CIN,center,0.5348837209302325
CLE,center,0.5
DAL,center,0.5
DEN,center,0.4137931034482758
DET,center,0.5454545454545454
GB,center,0.5217391304347826
HOU,center,0.5
IND,center,0.5584415584415584
JAX,center,0.5223880597014925
KC,center,0.5757575757575758
LA,center,0.7333333333333333
LAC,center,0.5833333333333334
LV,center,0.3181818181818182
MIA,center,0.5
MIN,center,0.72
NE,center,0.4528301886792453
NO,center,0.4565217391304347
NYG,center,0.5384615384615384
NYJ,center,0.5434782608695652
PHI,center,0.391304347826087
PIT,center,0.5
SEA,center,0.4426229508196721
SF,center,0.6037735849056604
TB,center,0.4814814814814814
TEN,center,0.5789473684210527
WAS,center,0.53125
,center,
,center,
Rush TDs (by lane),center,
Team,center,Middle
ARI,center,1
ATL,center,0
BAL,center,0
BUF,center,3
CAR,center,0
CHI,center,1
CIN,center,1
CLE,center,2
DAL,center,2
DEN,center,0
DET,center,5
GB,center,3
HOU,center,0
IND,center,4
JAX,center,2
KC,center,0
LA,center,2
LAC,center,0
LV,center,2
MIA,center,1
MIN,center,2
NE,center,1
NO,center,0
NYG,center,5
NYJ,center,1
PHI,center,3
PIT,center,0
SEA,center,0
SF,center,1
TB,center,1
TEN,center,2
WAS,center,2
ARI,right_guard,4
ATL,right_guard,12.8
BAL,right_guard,13
BUF,right_guard,16.2
CAR,right_guard,9
CHI,right_guard,16.5
CIN,right_guard,22.8
CLE,right_guard,20.3
DAL,right_guard,14.5
DEN,right_guard,12.6
DET,right_guard,9.5
GB,right_guard,7.6
HOU,right_guard,17.8
IND,right_guard,9.7
JAX,right_guard,5.3
KC,right_guard,14.3
LA,right_guard,13.1
LAC,right_guard,9.9
LV,right_guard,18.3
MIA,right_guard,6.7
MIN,right_guard,9.4
NE,right_guard,11
NO,right_guard,15.9
NYG,right_guard,11
NYJ,right_guard,10.5
PHI,right_guard,15.9
PIT,right_guard,11.1
SEA,right_guard,12.3
SF,right_guard,12.6
TB,right_guard,12.4
TEN,right_guard,14.1
WAS,right_guard,8.6
,right_guard,
,right_guard,
Yards per Carry (by lane),right_guard,
Team,right_guard,Right Guard
ARI,right_guard,5.571428571428571
ATL,right_guard,6.045454545454546
BAL,right_guard,5.277777777777778
BUF,right_guard,4.576923076923077
CAR,right_guard,5.611111111111111
CHI,right_guard,4.074074074074074
CIN,right_guard,2.896551724137931
CLE,right_guard,4.371428571428571
DAL,right_guard,3.875
DEN,right_guard,6.434782608695652
DET,right_guard,7.473684210526316
GB,right_guard,5
HOU,right_guard,5.56
IND,right_guard,5.777777777777778
JAX,right_guard,3.222222222222222
KC,right_guard,3.304347826086957
LA,right_guard,3.238095238095238
LAC,right_guard,2
LV,right_guard,3.4
MIA,right_guard,3.777777777777778
MIN,right_guard,6.230769230769231
NE,right_guard,2.333333333333333
NO,right_guard,3.666666666666667
NYG,right_guard,4.086956521739131
NYJ,right_guard,3.368421052631579
PHI,right_guard,3.357142857142857
PIT,right_guard,4.6
SEA,right_guard,4.458333333333333
SF,right_guard,3.583333333333333
TB,right_guard,5.619047619047619
TEN,right_guard,4.315789473684211
WAS,right_guard,3.466666666666667
,right_guard,
,right_guard,
Rush Success Rate (by lane),right_guard,
Team,right_guard,Right Guard
ARI,right_guard,0.7142857142857143
ATL,right_guard,0.5
BAL,right_guard,0.6666666666666666
BUF,right_guard,0.6538461538461539
CAR,right_guard,0.3888888888888889
CHI,right_guard,0.5555555555555556
CIN,right_guard,0.4827586206896552
CLE,right_guard,0.4857142857142857
DAL,right_guard,0.6666666666666666
DEN,right_guard,0.6086956521739131
DET,right_guard,0.3684210526315789
GB,right_guard,0.6923076923076923
HOU,right_guard,0.48
IND,right_guard,0.6666666666666666
JAX,right_guard,0.4444444444444444
KC,right_guard,0.5217391304347826
LA,right_guard,0.4285714285714285
LAC,right_guard,0.4
LV,right_guard,0.5333333333333333
MIA,right_guard,0.4444444444444444
MIN,right_guard,0.6153846153846154
NE,right_guard,0.3888888888888889
NO,right_guard,0.3703703703703703
NYG,right_guard,0.4782608695652174
NYJ,right_guard,0.3157894736842105
PHI,right_guard,0.4285714285714285
PIT,right_guard,0.6666666666666666
SEA,right_guard,0.5416666666666666
SF,right_guard,0.5
TB,right_guard,0.7619047619047619
TEN,right_guard,0.3157894736842105
WAS,right_guard,0.4666666666666667
,right_guard,
,right_guard,
Rush TDs (by lane),right_guard,
Team,right_guard,Right Guard
ARI,right_guard,0
ATL,right_guard,2
BAL,right_guard,2
BUF,right_guard,0
CAR,right_guard,0
CHI,right_guard,2
CIN,right_guard,1
CLE,right_guard,2
DAL,right_guard,3
DEN,right_guard,2
DET,right_guard,0
GB,right_guard,1
HOU,right_guard,2
IND,right_guard,3
JAX,right_guard,0
KC,right_guard,2
LA,right_guard,0
LAC,right_guard,0
LV,right_guard,0
MIA,right_guard,0
MIN,right_guard,0
NE,right_guard,1
NO,right_guard,1
NYG,right_guard,1
NYJ,right_guard,0
PHI,right_guard,1
PIT,right_guard,0
SEA,right_guard,1
SF,right_guard,0
TB,right_guard,1
TEN,right_guard,0
WAS,right_guard,0
ARI,right_tackle,16.8
ATL,right_tackle,19.8
BAL,right_tackle,15.2
BUF,right_tackle,14.5
CAR,right_tackle,7.5
CHI,right_tackle,12.2
CIN,right_tackle,6.3
CLE,right_tackle,15.1
DAL,right_tackle,12
DEN,right_tackle,16.4
DET,right_tackle,21.5
GB,right_tackle,10.6
HOU,right_tackle,12.3
IND,right_tackle,8.6
JAX,right_tackle,4.1
KC,right_tackle,8.8
LA,right_tackle,16.2
LAC,right_tackle,15.8
LV,right_tackle,7.9
MIA,right_tackle,8.1
MIN,right_tackle,11.6
NE,right_tackle,7.2
NO,right_tackle,10.4
NYG,right_tackle,12.4
NYJ,right_tackle,7.7
PHI,right_tackle,12.5
PIT,right_tackle,12.6
SEA,right_tackle,7.2
SF,right_tackle,13.1
TB,right_tackle,8.9
TEN,right_tackle,11.9
WAS,right_tackle,10.2
,right_tackle,
,right_tackle,
Yards per Carry (by lane),right_tackle,
Team,right_tackle,Right Tackle
ARI,right_tackle,3.962962962962963
ATL,right_tackle,3.941176470588236
BAL,right_tackle,7.238095238095238
BUF,right_tackle,3.96
CAR,right_tackle,5.785714285714286
CHI,right_tackle,6.578947368421052
CIN,right_tackle,3.125
CLE,right_tackle,4
DAL,right_tackle,5.7
DEN,right_tackle,4.111111111111111
DET,right_tackle,4.86046511627907
GB,right_tackle,2.722222222222222
HOU,right_tackle,2.5
IND,right_tackle,4.533333333333333
JAX,right_tackle,4.714285714285714
KC,right_tackle,5.5
LA,right_tackle,4
LAC,right_tackle,7.636363636363637
LV,right_tackle,2.384615384615385
MIA,right_tackle,5.272727272727272
MIN,right_tackle,2.8
NE,right_tackle,3.166666666666667
NO,right_tackle,1.823529411764706
NYG,right_tackle,2.76
NYJ,right_tackle,5.5
PHI,right_tackle,6.105263157894737
PIT,right_tackle,5.176470588235294
SEA,right_tackle,6.071428571428571
SF,right_tackle,2.24
TB,right_tackle,3.733333333333333
TEN,right_tackle,5.5625
WAS,right_tackle,8.055555555555555
,right_tackle,
,right_tackle,
Rush Success Rate (by lane),right_tackle,
Team,right_tackle,Right Tackle
ARI,right_tackle,0.4074074074074074
ATL,right_tackle,0.4411764705882353
BAL,right_tackle,0.5238095238095238
BUF,right_tackle,0.64
CAR,right_tackle,0.5714285714285714
CHI,right_tackle,0.631578947368421
CIN,right_tackle,0.375
CLE,right_tackle,0.5
DAL,right_tackle,0.5
DEN,right_tackle,0.4814814814814814
DET,right_tackle,0.4418604651162791
GB,right_tackle,0.2222222222222222
HOU,right_tackle,0.3333333333333333
IND,right_tackle,0.4
JAX,right_tackle,0.8571428571428571
KC,right_tackle,0.5
LA,right_tackle,0.4615384615384615
LAC,right_tackle,0.5
LV,right_tackle,0.3076923076923077
MIA,right_tackle,0.2727272727272727
MIN,right_tackle,0.2
NE,right_tackle,0.4166666666666667
NO,right_tackle,0.2941176470588235
NYG,right_tackle,0.4
NYJ,right_tackle,0.5833333333333334
PHI,right_tackle,0.631578947368421
PIT,right_tackle,0.3529411764705882
SEA,right_tackle,0.5714285714285714
SF,right_tackle,0.28
TB,right_tackle,0.5333333333333333
TEN,right_tackle,0.5625
WAS,right_tackle,0.4444444444444444
,right_tackle,
,right_tackle,
Rush TDs (by lane),right_tackle,
Team,right_tackle,Right Tackle
ARI,right_tackle,0
ATL,right_tackle,1
BAL,right_tackle,1
BUF,right_tackle,1
CAR,right_tackle,0
CHI,right_tackle,0
CIN,right_tackle,0
CLE,right_tackle,1
DAL,right_tackle,1
DEN,right_tackle,0
DET,right_tackle,1
GB,right_tackle,0
HOU,right_tackle,0
IND,right_tackle,1
JAX,right_tackle,0
KC,right_tackle,1
LA,right_tackle,0
LAC,right_tackle,2
LV,right_tackle,0
MIA,right_tackle,0
MIN,right_tackle,0
NE,right_tackle,0
NO,right_tackle,0
NYG,right_tackle,1
NYJ,right_tackle,1
PHI,right_tackle,1
PIT,right_tackle,0
SEA,right_tackle,1
SF,right_tackle,1
TB,right_tackle,0
TEN,right_tackle,0
WAS,right_tackle,0
ARI,right_end,15
ATL,right_end,12.2
BAL,right_end,18.1
BUF,right_end,11
CAR,right_end,7
CHI,right_end,15.2
CIN,right_end,10.2
CLE,right_end,7
DAL,right_end,11.4
DEN,right_end,16.4
DET,right_end,14.5
GB,right_end,20.6
HOU,right_end,13.7
IND,right_end,10.8
JAX,right_end,14.6
KC,right_end,17
LA,right_end,11.2
LAC,right_end,5.9
LV,right_end,9.1
MIA,right_end,22.2
MIN,right_end,15.2
NE,right_end,8.8
NO,right_end,13.2
NYG,right_end,8.1
NYJ,right_end,12.2
PHI,right_end,11.9
PIT,right_end,11.9
SEA,right_end,8.7
SF,right_end,11
TB,right_end,12.4
TEN,right_end,12.6
WAS,right_end,15.1
,right_end,
,right_end,
Yards per Carry (by lane),right_end,
Team,right_end,Right End
ARI,right_end,6.222222222222222
ATL,right_end,4.842105263157895
BAL,right_end,7.210526315789473
BUF,right_end,3.714285714285714
CAR,right_end,12.88888888888889
CHI,right_end,6
CIN,right_end,3.076923076923077
CLE,right_end,4.1
DAL,right_end,1.823529411764706
DEN,right_end,3.36
DET,right_end,4.142857142857143
GB,right_end,3.740740740740741
HOU,right_end,3.666666666666667
IND,right_end,4.642857142857143
JAX,right_end,3.681818181818182
KC,right_end,4.157894736842105
LA,right_end,7.2
LAC,right_end,7.75
LV,right_end,6.363636363636363
MIA,right_end,6.785714285714286
MIN,right_end,5.894736842105263
NE,right_end,5.833333333333333
NO,right_end,3.521739130434783
NYG,right_end,4.642857142857143
NYJ,right_end,4.142857142857143
PHI,right_end,1.8125
PIT,right_end,7.615384615384615
SEA,right_end,6.466666666666667
SF,right_end,4.222222222222222
TB,right_end,1.866666666666667
TEN,right_end,3.454545454545455
WAS,right_end,5.722222222222222
,right_end,
,right_end,
Rush Success Rate (by lane),right_end,
Team,right_end,Right End
ARI,right_end,0.5
ATL,right_end,0.5263157894736842
BAL,right_end,0.4736842105263157
BUF,right_end,0.5
CAR,right_end,0.8888888888888888
CHI,right_end,0.5909090909090909
CIN,right_end,0.4615384615384615
CLE,right_end,0.4
DAL,right_end,0.2941176470588235
DEN,right_end,0.4
DET,right_end,0.4285714285714285
GB,right_end,0.4814814814814814
HOU,right_end,0.3333333333333333
IND,right_end,0.7857142857142857
JAX,right_end,0.6818181818181818
KC,right_end,0.631578947368421
LA,right_end,0.8
LAC,right_end,0.5
LV,right_end,0.7272727272727273
MIA,right_end,0.5357142857142857
MIN,right_end,0.631578947368421
NE,right_end,0.6666666666666666
NO,right_end,0.5217391304347826
NYG,right_end,0.5
NYJ,right_end,0.6428571428571429
PHI,right_end,0.5625
PIT,right_end,0.5384615384615384
SEA,right_end,0.5333333333333333
SF,right_end,0.5555555555555556
TB,right_end,0.2666666666666666
TEN,right_end,0.5454545454545454
WAS,right_end,0.6666666666666666
,right_end,
,right_end,
Rush TDs (by lane),right_end,
Team,right_end,Right End
ARI,right_end,0
ATL,right_end,1
BAL,right_end,1
BUF,right_end,1
CAR,right_end,0
CHI,right_end,1
CIN,right_end,0
CLE,right_end,0
DAL,right_end,1
DEN,right_end,1
DET,right_end,2
GB,right_end,0
HOU,right_end,0
IND,right_end,3
JAX,right_end,0
KC,right_end,2
LA,right_end,0
LAC,right_end,0
LV,right_end,0
MIA,right_end,2
MIN,right_end,1
NE,right_end,1
NO,right_end,1
NYG,right_end,0
NYJ,right_end,1
PHI,right_end,0
PIT,right_end,0
SEA,right_end,0
SF,right_end,0
TB,right_end,0
TEN,right_end,0
WAS,right_end,1
